{
	"folders": {},
	"connections": {
		"oracle_thin-19167f6e42e-26b87e8abbcbd4c": {
			"provider": "oracle",
			"driver": "oracle_thin",
			"name": "localhost",
			"save-password": true,
			"configuration": {
				"host": "localhost",
				"port": "1521",
				"database": "xe",
				"url": "jdbc:oracle:thin:@//localhost:1521/xe",
				"configurationType": "MANUAL",
				"home": "C:\\app\\GDJ_19\\product\\21c\\dbhomeXE",
				"type": "dev",
				"provider-properties": {
					"@dbeaver-connection-type@": "BASIC",
					"@dbeaver-sid-service@": "SERVICE"
				},
				"auth-model": "oracle_native"
			}
		}
	},
	"connection-types": {
		"dev": {
			"name": "Development",
			"color": "255,255,255",
			"description": "Regular development database",
			"auto-commit": true,
			"confirm-execute": false,
			"confirm-data-change": false,
			"auto-close-transactions": false
		}
	}
}