<?xml version="1.0" encoding="UTF-8"?>
<beans xmlns="http://www.springframework.org/schema/beans"
	xmlns:xsi="http://www.w3.org/2001/XMLSchema-instance"
	xmlns:aop="http://www.springframework.org/schema/aop"
	xsi:schemaLocation="http://www.springframework.org/schema/beans http://www.springframework.org/schema/beans/spring-beans.xsd
		http://www.springframework.org/schema/aop http://www.springframework.org/schema/aop/spring-aop-4.3.xsd">

	<!--POJO를 Spring의 bean으로 등록하여 다른 bean과 연결한다
	spring 빈은 빈끼리만 연결됨  -->
	
	<bean id="daoLogAdvice" class="com.nike.geo.comm.DaoLogAdvice"/>
	
	<!-- aop의  동작설정  -->
	<aop:config>
		<aop:pointcut expression="execution(public * com.nike.geo.model.*Dao*.*(..))" id="daoLogPointCut"/>
		<aop:aspect ref="daoLogAdvice">
			<aop:before method="before" pointcut-ref="daoLogPointCut"/>
			<aop:after-returning method="afterReturning" pointcut-ref="daoLogPointCut" returning="returnValue"/>
			<aop:after-throwing method="error" pointcut-ref="daoLogPointCut" throwing="e"/> 
		</aop:aspect>
	</aop:config>
	
</beans>
