<?xml version="1.0" encoding="UTF-8"?>
<beans xmlns="http://www.springframework.org/schema/beans"
	xmlns:xsi="http://www.w3.org/2001/XMLSchema-instance"
	xmlns:mvc="http://www.springframework.org/schema/mvc"
	xmlns:context="http://www.springframework.org/schema/context"
	xmlns:tx="http://www.springframework.org/schema/tx"
	xmlns:task="http://www.springframework.org/schema/task"
	xsi:schemaLocation="http://www.springframework.org/schema/mvc http://www.springframework.org/schema/mvc/spring-mvc-4.3.xsd
		http://www.springframework.org/schema/task http://www.springframework.org/schema/task/spring-task-4.3.xsd
		http://www.springframework.org/schema/beans http://www.springframework.org/schema/beans/spring-beans.xsd
		http://www.springframework.org/schema/context http://www.springframework.org/schema/context/spring-context-4.3.xsd
		http://www.springframework.org/schema/tx http://www.springframework.org/schema/tx/spring-tx-4.3.xsd">
	
	<context:component-scan base-package="com.nike.geo"/>
	
	<mvc:annotation-driven/>
	
	<bean class="org.springframework.web.servlet.view.InternalResourceViewResolver">
		<property name="prefix" value="/WEB-INF/views/"/>
		<property name="suffix" value=".jsp"/>
	</bean>
	
	<tx:annotation-driven/>
	
	<mvc:interceptors>
  		<mvc:interceptor>
    		<mvc:mapping path="/**"/>
      		<bean class="com.nike.geo.comm.LoginInterceptor"/>
 		 </mvc:interceptor>
	</mvc:interceptors>
	
	
	<!--스케쥴러 사용  -->
<!-- <task:annotation-driven scheduler=""/>
	<task:scheduler id="" pool-size=""/>
	
	<task:scheduled-tasks>
		<task:scheduled ref="" method="" cron=""/>
		<task:scheduled ref="" method="" cron=""/>
	</task:scheduled-tasks> -->

</beans>
